{
   "$schema": "https://schema.management.azure.com/schemas/2019-04-01/deploymentTemplate.json#",
   "contentVersion": "1.0.0.0",
   "parameters": {
       "sites_a4llogicappdev_name": {
           "defaultValue": "a4llogicappdev",
           "type": "String"
       },
       "serverfarms_ASP_All4labeltripleapoc_externalid": {
           "defaultValue": "/subscriptions/581c5e0c-b29b-4026-aa7f-019b1a1f69c4/resourceGroups/Tripleapoc_DEV/providers/Microsoft.Web/serverfarms/ASP-All4labeltripleapoc",
           "type": "String"
       }
   },
   "variables": {},
   "resources": [
        {
            "type": "Microsoft.Logic/workflows",
            "apiVersion": "2016-06-01",
            "name": "[parameters('sites_a4llogicappdev_name')]",
            "location": "East US",
            "dependsOn": [
            ],
            "properties": {
                "definition": {
                    "$schema": "https://schema.management.azure.com/providers/Microsoft.Logic/schemas/2016-06-01/workflowdefinition.json#",
                    "actions": {},
                    "contentVersion": "1.0.0.0",
                    "outputs": {},
                    "triggers": {
                        "When_a_HTTP_request_is_received": {
                            "kind": "Http",
                            "type": "Request"
                        }
                    }
                },
                "state": "Enabled",
                "accessControl": {}
            }
        },
        {
            "type": "Microsoft.Web/serverfarms",
            "apiVersion": "2018-02-01",
            "name": "ASP-All4labeltripleapocqa",
            "location": "eastus",
            "sku": {
              "name": "WS1",
              "tier": "WorkflowStandard"
            },
            "kind": "windows"
        },    
       {
           "type": "Microsoft.Web/sites",
           "apiVersion": "2022-09-01",
           "name": "[parameters('sites_a4llogicappdev_name')]",
           "location": "East US",
           "tags": {
               "hidden-link: /app-insights-resource-id": "/subscriptions/581c5e0c-b29b-4026-aa7f-019b1a1f69c4/resourceGroups/Tripleapoc_DEV/providers/Microsoft.Insights/components/a4llogicappdev"
           },
           "kind": "functionapp,workflowapp",
           "identity": {
               "type": "SystemAssigned"
           },
           "properties": {
               "enabled": true,
               "hostNameSslStates": [
                   {
                       "name": "[concat(parameters('sites_a4llogicappdev_name'), '.azurewebsites.net')]",
                       "sslState": "Disabled",
                       "hostType": "Standard"
                   },
                   {
                       "name": "[concat(parameters('sites_a4llogicappdev_name'), '.scm.azurewebsites.net')]",
                       "sslState": "Disabled",
                       "hostType": "Repository"
                   }
               ],
               "serverFarmId": "[parameters('serverfarms_ASP_All4labeltripleapoc_externalid')]",
               "reserved": false,
               "isXenon": false,
               "hyperV": false,
               "vnetRouteAllEnabled": false,
               "vnetImagePullEnabled": false,
               "vnetContentShareEnabled": false,
               "siteConfig": {
                   "numberOfWorkers": 1,
                   "acrUseManagedIdentityCreds": false,
                   "alwaysOn": false,
                   "http20Enabled": false,
                   "functionAppScaleLimit": 0,
                   "minimumElasticInstanceCount": 1
               },
               "scmSiteAlsoStopped": false,
               "clientAffinityEnabled": false,
               "clientCertEnabled": false,
               "clientCertMode": "Required",
               "hostNamesDisabled": false,
               "customDomainVerificationId": "E254F9FC87F7A38AC8E3236C31C5CB6BDAC39C9D9E584F56FAC3BCCEF7548F11",
               "containerSize": 1536,
               "dailyMemoryTimeQuota": 0,
               "httpsOnly": true,
               "redundancyMode": "None",
               "publicNetworkAccess": "Enabled",
               "storageAccountRequired": false,
               "keyVaultReferenceIdentity": "SystemAssigned"
           }
       },
       {
           "type": "Microsoft.Web/sites/basicPublishingCredentialsPolicies",
           "apiVersion": "2022-09-01",
           "name": "[concat(parameters('sites_a4llogicappdev_name'), '/ftp')]",
           "location": "East US",
           "dependsOn": [
               "[resourceId('Microsoft.Web/sites', parameters('sites_a4llogicappdev_name'))]"
           ],
           "tags": {
               "hidden-link: /app-insights-resource-id": "/subscriptions/581c5e0c-b29b-4026-aa7f-019b1a1f69c4/resourceGroups/Tripleapoc_DEV/providers/Microsoft.Insights/components/a4llogicappdev"
           },
           "properties": {
               "allow": true
           }
       },
       {
           "type": "Microsoft.Web/sites/basicPublishingCredentialsPolicies",
           "apiVersion": "2022-09-01",
           "name": "[concat(parameters('sites_a4llogicappdev_name'), '/scm')]",
           "location": "East US",
           "dependsOn": [
               "[resourceId('Microsoft.Web/sites', parameters('sites_a4llogicappdev_name'))]"
           ],
           "tags": {
               "hidden-link: /app-insights-resource-id": "/subscriptions/581c5e0c-b29b-4026-aa7f-019b1a1f69c4/resourceGroups/Tripleapoc_DEV/providers/Microsoft.Insights/components/a4llogicappdev"
           },
           "properties": {
               "allow": true
           }
       },
       {
           "type": "Microsoft.Web/sites/config",
           "apiVersion": "2022-09-01",
           "name": "[concat(parameters('sites_a4llogicappdev_name'), '/web')]",
           "location": "East US",
           "dependsOn": [
               "[resourceId('Microsoft.Web/sites', parameters('sites_a4llogicappdev_name'))]"
           ],
           "tags": {
               "hidden-link: /app-insights-resource-id": "/subscriptions/581c5e0c-b29b-4026-aa7f-019b1a1f69c4/resourceGroups/Tripleapoc_DEV/providers/Microsoft.Insights/components/a4llogicappdev"
           },
           "properties": {
               "numberOfWorkers": 1,
               "defaultDocuments": [
                   "Default.htm",
                   "Default.html",
                   "Default.asp",
                   "index.htm",
                   "index.html",
                   "iisstart.htm",
                   "default.aspx",
                   "index.php"
               ],
               "netFrameworkVersion": "v6.0",
               "requestTracingEnabled": false,
               "remoteDebuggingEnabled": false,
               "httpLoggingEnabled": false,
               "acrUseManagedIdentityCreds": false,
               "logsDirectorySizeLimit": 35,
               "detailedErrorLoggingEnabled": false,
               "publishingUsername": "$a4llogicappdev",
               "scmType": "None",
               "use32BitWorkerProcess": false,
               "webSocketsEnabled": false,
               "alwaysOn": false,
               "managedPipelineMode": "Integrated",
               "virtualApplications": [
                   {
                       "virtualPath": "/",
                       "physicalPath": "site\\wwwroot",
                       "preloadEnabled": false
                   }
               ],
               "loadBalancing": "LeastRequests",
               "experiments": {
                   "rampUpRules": []
               },
               "autoHealEnabled": false,
               "vnetRouteAllEnabled": false,
               "vnetPrivatePortsCount": 0,
               "publicNetworkAccess": "Enabled",
               "cors": {
                   "supportCredentials": false
               },
               "localMySqlEnabled": false,
               "managedServiceIdentityId": 10336,
               "ipSecurityRestrictions": [
                   {
                       "ipAddress": "Any",
                       "action": "Allow",
                       "priority": 2147483647,
                       "name": "Allow all",
                       "description": "Allow all access"
                   }
               ],
               "scmIpSecurityRestrictions": [
                   {
                       "ipAddress": "Any",
                       "action": "Allow",
                       "priority": 2147483647,
                       "name": "Allow all",
                       "description": "Allow all access"
                   }
               ],
               "scmIpSecurityRestrictionsUseMain": false,
               "http20Enabled": false,
               "minTlsVersion": "1.2",
               "scmMinTlsVersion": "1.2",
               "ftpsState": "FtpsOnly",
               "preWarmedInstanceCount": 1,
               "functionAppScaleLimit": 0,
               "functionsRuntimeScaleMonitoringEnabled": true,
               "minimumElasticInstanceCount": 1,
               "azureStorageAccounts": {}
           }
       },
       {
           "type": "Microsoft.Web/sites/hostNameBindings",
           "apiVersion": "2022-09-01",
           "name": "[concat(parameters('sites_a4llogicappdev_name'), '/', parameters('sites_a4llogicappdev_name'), '.azurewebsites.net')]",
           "location": "East US",
           "dependsOn": [
               "[resourceId('Microsoft.Web/sites', parameters('sites_a4llogicappdev_name'))]"
           ],
           "properties": {
               "siteName": "a4llogicappdev",
               "hostNameType": "Verified"
           }
       }
   ]

}
